[
  {"model":"financije.account","pk":100,"fields":{"number":"100","name":"Kasa","account_type":"active"}},
  {"model":"financije.account","pk":110,"fields":{"number":"110","name":"Žiro račun","account_type":"active"}},
  {"model":"financije.account","pk":111,"fields":{"number":"111","name":"Devizni račun","account_type":"active"}},
  {"model":"financije.account","pk":120,"fields":{"number":"120","name":"Potraživanja od kupaca","account_type":"active"}},
  {"model":"financije.account","pk":121,"fields":{"number":"121","name":"Ispravak vrijednosti potraživanja","account_type":"active"}},
  {"model":"financije.account","pk":130,"fields":{"number":"130","name":"Ostala potraživanja","account_type":"active"}},
  {"model":"financije.account","pk":1350,"fields":{"number":"1350","name":"Pretporez PDV","account_type":"active"}},
  {"model":"financije.account","pk":136,"fields":{"number":"136","name":"Predujmovi dobavljačima","account_type":"active"}},
  {"model":"financije.account","pk":140,"fields":{"number":"140","name":"Zalihe materijala","account_type":"active"}},
  {"model":"financije.account","pk":150,"fields":{"number":"150","name":"Nedovršena proizvodnja / rad u tijeku","account_type":"active"}},
  {"model":"financije.account","pk":160,"fields":{"number":"160","name":"Dugotrajna materijalna imovina","account_type":"active"}},
  {"model":"financije.account","pk":161,"fields":{"number":"161","name":"Ispravak vrijednosti OS","account_type":"active"}},
  {"model":"financije.account","pk":170,"fields":{"number":"170","name":"Plaćeni troškovi budućih razdoblja","account_type":"active"}},
  {"model":"financije.account","pk":180,"fields":{"number":"180","name":"Obračunata, a nenaplaćena dobit","account_type":"active"}},

  {"model":"financije.account","pk":200,"fields":{"number":"200","name":"Dugoročni krediti","account_type":"passive"}},
  {"model":"financije.account","pk":210,"fields":{"number":"210","name":"Kratkoročni krediti","account_type":"passive"}},
  {"model":"financije.account","pk":220,"fields":{"number":"220","name":"Obveze prema dobavljačima","account_type":"passive"}},
  {"model":"financije.account","pk":221,"fields":{"number":"221","name":"Primljeni predujmovi","account_type":"passive"}},
  {"model":"financije.account","pk":260,"fields":{"number":"260","name":"Obveze za troškove","account_type":"passive"}},
  {"model":"financije.account","pk":2660,"fields":{"number":"2660","name":"Obveze prema radnicima – profit-share","account_type":"passive"}},
  {"model":"financije.account","pk":2680,"fields":{"number":"2680","name":"Obveza PDV","account_type":"passive"}},
  {"model":"financije.account","pk":270,"fields":{"number":"270","name":"Obveza za neto plaće","account_type":"passive"}},
  {"model":"financije.account","pk":271,"fields":{"number":"271","name":"Obveza doprinosa iz plaće","account_type":"passive"}},
  {"model":"financije.account","pk":272,"fields":{"number":"272","name":"Obveza poreza na dohodak (JLS)","account_type":"passive"}},
  {"model":"financije.account","pk":273,"fields":{"number":"273","name":"Ostale obveze iz plaće","account_type":"passive"}},
  {"model":"financije.account","pk":278,"fields":{"number":"278","name":"Obveze za neoporezive isplate","account_type":"passive"}},
  {"model":"financije.account","pk":279,"fields":{"number":"279","name":"Ostale kratkoročne obveze","account_type":"passive"}},
  {"model":"financije.account","pk":281,"fields":{"number":"281","name":"Obveze prema vlasniku","account_type":"passive"}},
  {"model":"financije.account","pk":290,"fields":{"number":"290","name":"Rezerviranja","account_type":"passive"}},
  {"model":"financije.account","pk":291,"fields":{"number":"291","name":"Rezervacije operativnih troškova","account_type":"passive"}},

  {"model":"financije.account","pk":300,"fields":{"number":"300","name":"Temeljni kapital","account_type":"passive"}},
  {"model":"financije.account","pk":310,"fields":{"number":"310","name":"Kapitalne rezerve","account_type":"passive"}},
  {"model":"financije.account","pk":330,"fields":{"number":"330","name":"Zadržana dobit","account_type":"passive"}},
  {"model":"financije.account","pk":331,"fields":{"number":"331","name":"Dobit tekuće godine","account_type":"passive"}},

  {"model":"financije.account","pk":400,"fields":{"number":"400","name":"Prihodi od usluga","account_type":"income"}},
  {"model":"financije.account","pk":401,"fields":{"number":"401","name":"Prihodi – bravarija","account_type":"income"}},
  {"model":"financije.account","pk":402,"fields":{"number":"402","name":"Prihodi – farbanje","account_type":"income"}},
  {"model":"financije.account","pk":410,"fields":{"number":"410","name":"Prihodi od povezanih osoba","account_type":"income"}},
  {"model":"financije.account","pk":420,"fields":{"number":"420","name":"Ostali poslovni prihodi","account_type":"income"}},

  {"model":"financije.account","pk":500,"fields":{"number":"500","name":"Utrošak materijala","account_type":"expense"}},
  {"model":"financije.account","pk":510,"fields":{"number":"510","name":"Trošak prodane robe","account_type":"expense"}},
  {"model":"financije.account","pk":520,"fields":{"number":"520","name":"Podizvođači i vanjske usluge","account_type":"expense"}},
  {"model":"financije.account","pk":610,"fields":{"number":"610","name":"Režije","account_type":"expense"}},
  {"model":"financije.account","pk":620,"fields":{"number":"620","name":"Najam prostora","account_type":"expense"}},
  {"model":"financije.account","pk":621,"fields":{"number":"621","name":"Najam strojeva/opreme","account_type":"expense"}},
  {"model":"financije.account","pk":630,"fields":{"number":"630","name":"Amortizacija","account_type":"expense"}},
  {"model":"financije.account","pk":640,"fields":{"number":"640","name":"Vozila","account_type":"expense"}},
  {"model":"financije.account","pk":650,"fields":{"number":"650","name":"Putni troškovi","account_type":"expense"}},
  {"model":"financije.account","pk":660,"fields":{"number":"660","name":"Održavanje i mali alati","account_type":"expense"}},
  {"model":"financije.account","pk":670,"fields":{"number":"670","name":"Profesionalne usluge","account_type":"expense"}},
  {"model":"financije.account","pk":680,"fields":{"number":"680","name":"Bankovne naknade","account_type":"expense"}},
  {"model":"financije.account","pk":690,"fields":{"number":"690","name":"Ostali troškovi","account_type":"expense"}},

  {"model":"financije.account","pk":700,"fields":{"number":"700","name":"Trošak bruto plaća","account_type":"expense"}},
  {"model":"financije.account","pk":710,"fields":{"number":"710","name":"Trošak doprinosa na plaću","account_type":"expense"}},
  {"model":"financije.account","pk":720,"fields":{"number":"720","name":"Neoporezive isplate","account_type":"expense"}},
  {"model":"financije.account","pk":730,"fields":{"number":"730","name":"Trošak profit-share (30%)","account_type":"expense"}},
  {"model":"financije.account","pk":731,"fields":{"number":"731","name":"Trošak profit-floor (20%)","account_type":"expense"}},

  {"model":"financije.account","pk":4999,"fields":{"number":"4999","name":"Razlika u zaokruživanju","account_type":"expense"}}
]
